{
  "id": "kalorshitshow",
  "name": "Kalor Shitshow",
  "author": [
    "Kalor"
  ],
  "description": "Kalor Shishow is a collage of loosely related, poorly edited and unbalanced jokers and other cards. This is the only Balatro mod where you can commit tax evasion, do not play this mod.\n(Made using Joker Forge, requires Talisman Mod)",
  "prefix": "kalorshi",
  "main_file": "main.lua",
  "version": "1.0.0",
  "priority": 0,
  "badge_colour": "1c1c1c",
  "badge_text_colour": "8000ff",
  "dependencies": [
    "Steamodded (>=1.0.0~BETA-0711a)"
  ]
}